City_ID,City,Country,Lat,Lng,Max Temp,Humidity,Cloudiness,Wind Speed,Current Description,Date
0,Souillac,MU,-20.5167,57.5167,78.8,94,75,13.8,light rain,2021-01-11 04:37:33
1,Tasiilaq,GL,65.6145,-37.6368,19.4,63,90,3.44,overcast clouds,2021-01-11 04:37:42
2,Mar Del Plata,AR,-38.0023,-57.5575,64.4,94,90,6.91,heavy intensity rain,2021-01-11 04:37:46
3,East London,ZA,-33.0153,27.9116,66.2,94,90,2.3,light rain,2021-01-11 04:35:31
4,Fortuna,US,40.5982,-124.1573,50.0,100,1,3.65,clear sky,2021-01-11 04:38:49
5,Klaksvik,FO,62.2266,-6.589,30.2,80,75,14.97,light snow,2021-01-11 04:38:19
6,Ushuaia,AR,-54.8,-68.3,41.0,75,75,20.71,broken clouds,2021-01-11 04:32:42
7,Yellowknife,CA,62.456,-114.3525,8.6,92,90,5.75,overcast clouds,2021-01-11 04:37:29
8,Rikitea,PF,-23.1203,-134.9692,78.24,79,35,18.03,scattered clouds,2021-01-11 04:35:20
9,Albany,US,42.6001,-73.9662,23.0,92,94,2.17,overcast clouds,2021-01-11 04:33:19
10,Mapiripan,CO,2.8892,-72.1256,72.68,95,98,3.36,moderate rain,2021-01-11 04:38:51
11,Saskylakh,RU,71.9167,114.0833,-8.61,87,100,15.41,overcast clouds,2021-01-11 04:37:51
12,Juli,PE,-16.2167,-69.45,41.83,83,98,2.46,light rain,2021-01-11 04:38:51
13,Touros,BR,-5.1989,-35.4608,78.8,78,40,4.61,scattered clouds,2021-01-11 04:38:52
14,Cherskiy,RU,68.75,161.3,-35.68,83,2,1.1,clear sky,2021-01-11 04:37:40
15,Tuktoyaktuk,CA,69.4541,-133.0374,8.6,92,75,10.36,light snow,2021-01-11 04:38:03
16,Punta Arenas,CL,-53.15,-70.9167,39.2,81,0,9.22,clear sky,2021-01-11 04:33:11
17,Nikolskoye,RU,59.7035,30.7861,6.01,85,0,6.71,clear sky,2021-01-11 04:37:15
18,Ahipara,NZ,-35.1667,173.1667,68.97,62,1,10.58,clear sky,2021-01-11 04:37:29
19,Ribeira Grande,PT,38.5167,-28.7,62.62,90,91,7.63,light rain,2021-01-11 04:37:12
20,Khipro,PK,25.8285,69.3772,67.41,24,0,6.93,clear sky,2021-01-11 04:38:53
21,Clarence Town,AU,-32.5833,151.7833,84.99,54,20,16.11,few clouds,2021-01-11 04:38:53
22,Cidreira,BR,-30.1811,-50.2056,76.5,83,14,22.7,few clouds,2021-01-11 04:37:43
23,Camacha,PT,33.0833,-16.3333,53.6,76,40,14.97,light rain,2021-01-11 04:38:15
24,Cape Town,ZA,-33.9258,18.4232,64.4,72,0,10.36,clear sky,2021-01-11 04:35:29
25,Lebu,CL,-37.6167,-73.65,54.46,85,97,7.94,light rain,2021-01-11 04:37:51
26,Bengkulu,ID,-3.8004,102.2655,85.14,64,100,6.64,light rain,2021-01-11 04:37:25
27,Avarua,CK,-21.2078,-159.775,82.4,78,20,10.36,few clouds,2021-01-11 04:37:13
28,Jamestown,US,42.097,-79.2353,24.8,93,1,3.44,clear sky,2021-01-11 04:37:16
29,Mataura,NZ,-46.1927,168.8643,57.99,69,62,8.99,broken clouds,2021-01-11 04:37:08
30,Hualmay,PE,-11.0964,-77.6139,68.97,86,98,9.46,overcast clouds,2021-01-11 04:37:51
31,Bethanien,NA,-26.502,17.1583,71.94,59,67,10.45,broken clouds,2021-01-11 04:38:55
32,Domoni,KM,-12.2569,44.5319,81.52,79,98,9.53,overcast clouds,2021-01-11 04:38:55
33,Rovnoye,RU,50.7765,46.0509,18.37,95,58,9.98,broken clouds,2021-01-11 04:38:55
34,Kanniyakumari,IN,8.0833,77.5667,80.51,75,96,18.3,heavy intensity rain,2021-01-11 04:38:56
35,Port Alfred,ZA,-33.5906,26.891,66.99,86,92,1.01,overcast clouds,2021-01-11 04:37:27
36,Agen,FR,44.2,0.6333,28.0,93,0,3.44,clear sky,2021-01-11 04:38:56
37,Nome,US,64.5011,-165.4064,15.8,67,75,18.41,broken clouds,2021-01-11 04:38:56
38,Byron Bay,AU,-28.65,153.6167,77.0,73,40,16.11,scattered clouds,2021-01-11 04:38:57
39,Churapcha,RU,62.0025,132.4325,-40.5,80,90,2.01,overcast clouds,2021-01-11 04:38:57
40,Basco,PH,20.4487,121.9702,70.56,74,37,18.45,scattered clouds,2021-01-11 04:38:57
41,Lompoc,US,34.6391,-120.4579,53.01,87,1,7.72,clear sky,2021-01-11 04:38:57
42,La Ronge,CA,55.1001,-105.2842,19.4,79,80,5.75,broken clouds,2021-01-11 04:37:36
43,Busselton,AU,-33.65,115.3333,78.33,31,1,6.08,clear sky,2021-01-11 04:35:20
44,Bereda,ES,43.2686,-7.5406,36.0,86,100,7.0,overcast clouds,2021-01-11 04:38:58
45,Chuy,UY,-33.6971,-53.4616,72.81,89,13,10.76,light rain,2021-01-11 04:38:58
46,Port Elizabeth,ZA,-33.918,25.5701,68.0,77,20,9.22,few clouds,2021-01-11 04:35:29
47,Saint-Philippe,RE,-21.3585,55.7679,78.8,94,90,13.8,light rain,2021-01-11 04:37:26
48,Georgetown,MY,5.4112,100.3354,86.0,58,20,8.05,few clouds,2021-01-11 04:37:33
49,Olden,NO,61.8364,6.8064,30.0,93,100,9.26,overcast clouds,2021-01-11 04:39:00
50,Hobyo,SO,5.3505,48.5268,76.26,66,85,22.28,overcast clouds,2021-01-11 04:39:00
51,Bluff,NZ,-46.6,168.3333,57.99,69,72,8.99,broken clouds,2021-01-11 04:37:33
52,Mirnyy,RU,62.5353,113.9611,-32.58,83,94,2.1,overcast clouds,2021-01-11 04:39:00
53,Kapaa,US,22.0752,-159.319,75.2,78,40,10.36,light rain,2021-01-11 04:37:42
54,Verkhnyaya Toyma,RU,62.2349,44.9985,-8.64,88,0,5.55,clear sky,2021-01-11 04:39:01
55,Airai,TL,-8.9266,125.4092,73.02,93,27,1.48,light rain,2021-01-11 04:37:12
56,Hermanus,ZA,-34.4187,19.2345,66.0,81,28,7.0,scattered clouds,2021-01-11 04:37:26
57,Acaponeta,MX,22.4964,-105.3594,62.33,72,0,2.62,clear sky,2021-01-11 04:39:01
58,Palmer,US,42.1584,-72.3287,24.01,86,40,3.44,scattered clouds,2021-01-11 04:39:01
59,Hilo,US,19.7297,-155.09,75.2,73,90,4.61,overcast clouds,2021-01-11 04:35:30
60,Leesburg,US,39.1157,-77.5636,30.99,86,1,4.61,clear sky,2021-01-11 04:36:01
61,Salta,AR,-24.7859,-65.4117,71.6,83,40,2.3,scattered clouds,2021-01-11 04:38:07
62,Mubi,NG,10.2676,13.2644,66.45,25,79,5.26,broken clouds,2021-01-11 04:34:15
63,Bonavista,CA,48.6499,-53.1147,32.0,100,100,9.22,light snow,2021-01-11 04:39:02
64,Alofi,NU,-19.0595,-169.9187,84.2,70,40,10.36,scattered clouds,2021-01-11 04:37:39
65,Hithadhoo,MV,-0.6,73.0833,81.41,76,100,14.7,overcast clouds,2021-01-11 04:38:01
66,Along,IN,28.1667,94.7667,61.95,69,96,0.83,overcast clouds,2021-01-11 04:38:08
67,Atuona,PF,-9.8,-139.0333,77.77,80,66,13.82,broken clouds,2021-01-11 04:37:22
68,Saldanha,ZA,-33.0117,17.9442,57.2,82,0,8.05,clear sky,2021-01-11 04:37:20
69,Mount Gambier,AU,-37.8333,140.7667,96.8,12,100,23.02,overcast clouds,2021-01-11 04:37:22
70,Pevek,RU,69.7008,170.3133,-27.85,87,100,2.42,overcast clouds,2021-01-11 04:37:49
71,Qostanay,KZ,53.1667,63.5833,8.6,92,90,11.18,light snow,2021-01-11 04:39:04
72,Kavieng,PG,-2.5744,150.7967,84.24,69,92,3.51,moderate rain,2021-01-11 04:37:48
73,Tanabe,JP,33.7333,135.3667,42.8,52,40,9.22,scattered clouds,2021-01-11 04:39:04
74,Hamilton,US,39.1834,-84.5333,30.2,74,1,1.48,clear sky,2021-01-11 04:33:50
75,Nanortalik,GL,60.1432,-45.2371,31.8,94,100,3.31,overcast clouds,2021-01-11 04:37:31
76,Beloha,MG,-25.1667,45.05,82.74,61,0,9.51,clear sky,2021-01-11 04:39:05
77,Zaraza,VE,9.3503,-65.3245,72.07,91,43,3.13,scattered clouds,2021-01-11 04:39:05
78,Broome,US,42.2506,-75.833,24.8,86,90,3.44,mist,2021-01-11 04:38:18
79,Ilulissat,GL,69.2167,-51.1,21.2,79,75,2.3,broken clouds,2021-01-11 04:37:09
80,Codrington,AU,-38.2667,141.9667,93.78,21,100,16.62,overcast clouds,2021-01-11 04:37:14
81,Sao Gabriel Da Cachoeira,BR,-0.1303,-67.0892,71.89,97,58,1.3,broken clouds,2021-01-11 04:39:06
82,Puerto Ayora,EC,-0.7393,-90.3518,73.0,93,6,4.65,clear sky,2021-01-11 04:37:16
83,Bogorodskoye,RU,56.55,37.8833,-0.47,94,91,3.53,overcast clouds,2021-01-11 04:39:06
84,Nioro,GM,13.35,-15.75,67.1,33,0,9.55,clear sky,2021-01-11 04:39:07
85,Bredasdorp,ZA,-34.5322,20.0403,59.0,88,84,4.61,light rain,2021-01-11 04:37:17
86,Barrow,US,71.2906,-156.7887,3.2,85,90,13.8,haze,2021-01-11 04:29:14
87,Puerto Baquerizo Moreno,EC,-0.9,-89.6,73.26,84,15,9.66,few clouds,2021-01-11 04:39:07
88,San Patricio,US,28.017,-97.5169,41.0,87,75,16.11,broken clouds,2021-01-11 04:37:34
89,Mamallapuram,IN,12.6264,80.1722,82.4,83,75,8.05,mist,2021-01-11 04:39:08
90,Hobart,AU,-42.8794,147.3294,98.01,17,0,12.66,light rain,2021-01-11 04:37:09
91,Balkanabat,TM,39.5108,54.3671,45.86,47,0,5.28,clear sky,2021-01-11 04:39:08
92,Bambous Virieux,MU,-20.3428,57.7575,84.0,94,75,13.8,light rain,2021-01-11 04:37:44
93,Chokurdakh,RU,70.6333,147.9167,-33.88,84,0,7.56,clear sky,2021-01-11 04:37:28
94,Butaritari,KI,3.0707,172.7902,81.52,81,100,19.15,light rain,2021-01-11 04:37:45
95,Lapeer,US,43.0514,-83.3188,24.01,100,90,4.25,overcast clouds,2021-01-11 04:39:09
96,Castro,BR,-24.7911,-50.0119,65.28,96,87,7.14,overcast clouds,2021-01-11 04:37:30
97,Campos Novos,BR,-27.4017,-51.225,63.03,98,52,6.42,light rain,2021-01-11 04:34:29
98,Auki,SB,-8.7676,160.7034,83.8,77,100,2.66,light rain,2021-01-11 04:39:10
99,Hasaki,JP,35.7333,140.8333,43.0,48,75,5.75,broken clouds,2021-01-11 04:38:21
100,New Norfolk,AU,-42.7826,147.0587,98.01,14,98,5.01,light rain,2021-01-11 04:37:25
101,Stejaru,RO,44.7667,28.55,39.0,93,90,12.66,light rain,2021-01-11 04:39:10
102,Provideniya,RU,64.3833,-173.3,-0.4,71,75,15.66,broken clouds,2021-01-11 04:37:39
103,Vanavara,RU,60.34,102.2797,-15.29,88,99,5.68,overcast clouds,2021-01-11 04:39:11
104,Pleasanton,US,37.6624,-121.8747,51.01,81,40,1.86,scattered clouds,2021-01-11 04:39:11
105,Vaini,TO,-21.2,-175.2,82.4,78,75,8.05,broken clouds,2021-01-11 04:37:07
106,Mpongwe,ZM,-13.5091,28.155,65.53,96,100,3.83,overcast clouds,2021-01-11 04:39:11
107,La Rioja,ES,42.25,-2.5,30.2,80,0,9.22,clear sky,2021-01-11 04:34:28
108,San Quintin,MX,30.4833,-115.95,58.53,53,15,5.66,few clouds,2021-01-11 04:39:12
109,Kutum,SD,14.2,24.6667,50.68,42,0,10.94,clear sky,2021-01-11 04:38:11
110,Salinopolis,BR,-0.6136,-47.3561,79.07,84,53,11.83,light rain,2021-01-11 04:39:12
111,Jumla,NP,29.2747,82.1838,57.69,23,31,3.18,scattered clouds,2021-01-11 04:39:03
112,Juneau,US,58.3019,-134.4197,42.8,81,90,23.02,moderate rain,2021-01-11 04:35:11
113,Husavik,IS,66.0449,-17.3389,21.2,79,90,8.05,light snow,2021-01-11 04:38:06
114,Katsuura,JP,35.1333,140.3,44.01,30,100,5.99,overcast clouds,2021-01-11 04:38:02
115,Baculin,PH,7.4525,126.5842,78.85,82,100,9.73,heavy intensity rain,2021-01-11 04:39:13
116,Torbay,CA,47.6666,-52.7314,33.01,93,90,25.32,light snow,2021-01-11 04:35:16
117,Lagoa,PT,39.05,-27.9833,61.39,91,53,8.5,broken clouds,2021-01-11 04:38:07
118,Hongjiang,CN,27.11,109.9956,46.99,49,56,4.74,broken clouds,2021-01-11 04:39:13
119,Adrar,MR,20.5022,-10.0711,52.99,44,93,12.66,overcast clouds,2021-01-11 04:39:14
120,Dvurechensk,RU,56.5982,61.0953,-4.0,77,40,13.42,light snow,2021-01-11 04:39:14
121,Tautira,PF,-17.7333,-149.15,84.2,61,75,8.05,light rain,2021-01-11 04:39:14
122,Pacific Grove,US,36.6177,-121.9166,54.0,87,75,3.44,broken clouds,2021-01-11 04:36:16
123,Faanui,PF,-16.4833,-151.75,81.46,68,100,15.3,overcast clouds,2021-01-11 04:37:24
124,Tecoanapa,MX,16.5167,-98.75,75.15,80,100,3.83,overcast clouds,2021-01-11 04:39:15
125,Dikson,RU,73.5069,80.5464,17.64,96,100,12.44,overcast clouds,2021-01-11 04:37:21
126,Narsaq,GL,60.9167,-46.05,41.0,36,75,16.11,broken clouds,2021-01-11 04:38:15
127,Mitsamiouli,KM,-11.3847,43.2844,81.97,79,75,17.13,moderate rain,2021-01-11 04:39:15
128,Ponta Do Sol,PT,32.6667,-17.1,52.0,67,23,5.01,few clouds,2021-01-11 04:37:49
129,Cabo San Lucas,MX,22.8909,-109.9124,62.01,78,0,3.0,clear sky,2021-01-11 04:33:40
130,Pokhara,NP,28.2333,83.9833,71.96,22,85,5.61,overcast clouds,2021-01-11 04:39:16
131,Warwick,US,41.7001,-71.4162,30.99,69,1,3.44,clear sky,2021-01-11 04:39:16
132,Korla,CN,41.7597,86.1469,18.54,81,0,7.72,clear sky,2021-01-11 04:37:55
133,Saint-Georges,GD,12.0564,-61.7485,78.8,73,20,12.66,light rain,2021-01-11 04:39:16
134,Auchel,FR,50.5034,2.4735,37.99,98,59,9.01,broken clouds,2021-01-11 04:39:17
135,Thompson,CA,55.7435,-97.8558,8.6,92,1,4.61,clear sky,2021-01-11 04:37:22
136,Zyryanovsk,KZ,49.7386,84.2719,7.3,92,96,0.38,overcast clouds,2021-01-11 04:39:17
137,Aquiraz,BR,-3.9014,-38.3911,78.8,83,0,4.61,clear sky,2021-01-11 04:39:17
138,Kidal,ML,18.4411,1.4078,65.07,25,1,3.18,clear sky,2021-01-11 04:39:18
139,Tura,IN,25.5198,90.2201,76.33,43,1,3.4,clear sky,2021-01-11 04:39:18
140,Marrakesh,MA,31.6315,-8.0083,44.6,93,75,8.05,light rain,2021-01-11 04:35:27
141,Norman Wells,CA,65.282,-126.8329,3.2,85,20,3.44,few clouds,2021-01-11 04:37:40
142,Mangan,IN,27.5167,88.5333,66.29,40,56,5.46,broken clouds,2021-01-11 04:39:18
143,Vila Franca Do Campo,PT,37.7167,-25.4333,55.4,94,75,10.36,light rain,2021-01-11 04:39:19
144,Preobrazheniye,RU,42.9019,133.9064,16.63,74,0,4.92,clear sky,2021-01-11 04:39:19
145,Xiongzhou,CN,25.1167,114.3,52.02,37,85,10.45,overcast clouds,2021-01-11 04:39:19
146,Port Lincoln,AU,-34.7333,135.8667,71.71,66,70,20.8,broken clouds,2021-01-11 04:37:29
147,Linao,PH,7.1678,124.9675,78.33,87,95,4.88,overcast clouds,2021-01-11 04:39:20
148,Ramhormoz,IR,31.28,49.6035,42.8,87,13,4.61,few clouds,2021-01-11 04:39:20
149,Nabire,ID,-3.3667,135.4833,86.65,64,100,5.77,overcast clouds,2021-01-11 04:36:01
150,Kaitangata,NZ,-46.2817,169.8464,60.01,56,58,8.99,broken clouds,2021-01-11 04:38:09
151,Bathsheba,BB,13.2167,-59.5167,78.8,65,20,25.32,few clouds,2021-01-11 04:37:18
152,Santa Fe,AR,-31.6333,-60.7,80.01,73,31,1.99,scattered clouds,2021-01-11 04:35:00
153,Kodiak,US,57.79,-152.4072,35.6,87,90,13.8,moderate rain,2021-01-11 04:37:32
154,Lincoln,US,40.8,-96.667,30.0,74,1,1.9,clear sky,2021-01-11 04:35:27
155,La Carlota,PH,10.4233,122.9208,83.59,73,26,17.67,scattered clouds,2021-01-11 04:39:21
156,Aklavik,CA,68.2191,-135.0107,-0.4,85,100,2.3,overcast clouds,2021-01-11 04:37:32
157,Temba,ZA,-25.3803,28.2631,68.0,88,84,5.75,broken clouds,2021-01-11 04:39:21
158,Alta Floresta,BR,-9.8756,-56.0861,71.53,94,98,2.95,light rain,2021-01-11 04:37:30
159,Dingle,PH,10.9995,122.6711,76.57,88,100,12.59,heavy intensity rain,2021-01-11 04:37:23
160,Umm Lajj,SA,25.0213,37.2685,73.89,38,0,16.31,clear sky,2021-01-11 04:39:22
161,Sitka,US,57.0531,-135.33,42.8,87,90,9.22,moderate rain,2021-01-11 04:39:22
162,Vanimo,PG,-2.6741,141.3028,85.19,68,100,5.48,light rain,2021-01-11 04:39:23
163,Sagaing,MM,21.8787,95.9797,75.2,64,75,3.44,broken clouds,2021-01-11 04:36:39
164,Grindavik,IS,63.8424,-22.4338,21.2,73,0,11.5,clear sky,2021-01-11 04:37:11
165,Lasem,ID,-6.6922,111.4527,85.03,73,100,7.31,overcast clouds,2021-01-11 04:39:24
166,Tuatapere,NZ,-46.1333,167.6833,57.99,69,91,8.99,overcast clouds,2021-01-11 04:39:24
167,Sept-Iles,CA,50.2001,-66.3821,15.8,73,61,8.05,broken clouds,2021-01-11 04:39:24
168,Yuanping,CN,38.7153,112.7575,21.31,68,0,8.25,clear sky,2021-01-11 04:39:24
169,Lugovoy,KZ,42.9472,72.7644,35.38,70,0,2.62,clear sky,2021-01-11 04:39:24
170,Xiaoweizhai,CN,26.1903,107.5125,43.07,57,90,11.41,overcast clouds,2021-01-11 04:39:24
171,Mogadishu,SO,2.0371,45.3438,76.71,74,52,22.88,broken clouds,2021-01-11 04:39:25
172,Qaanaaq,GL,77.484,-69.3632,-0.58,74,0,5.86,clear sky,2021-01-11 04:37:08
173,Smidovich,RU,48.6,133.8167,-0.04,75,0,11.25,clear sky,2021-01-11 04:39:25
174,Senador Jose Porfirio,BR,-2.5908,-51.9542,73.96,94,100,3.91,overcast clouds,2021-01-11 04:39:25
175,Tessalit,ML,20.1986,1.0114,59.68,45,0,10.65,clear sky,2021-01-11 04:35:24
176,Qui Nhon,VN,13.7667,109.2333,72.46,86,83,23.96,light rain,2021-01-11 04:39:26
177,Acurenam,GQ,1.0322,10.6488,67.12,99,64,2.73,broken clouds,2021-01-11 04:39:26
178,Evensk,RU,61.95,159.2333,7.36,89,100,17.56,overcast clouds,2021-01-11 04:39:26
179,Maicao,CO,11.3832,-72.2432,77.56,80,36,14.45,scattered clouds,2021-01-11 04:39:27
180,Pacasmayo,PE,-7.4006,-79.5714,70.23,81,41,11.9,scattered clouds,2021-01-11 04:39:27
181,Porto Empedocle,IT,37.2934,13.5264,48.99,1,1,5.5,clear sky,2021-01-11 04:39:27
182,Tripoli,LY,32.8752,13.1875,64.11,68,0,3.22,clear sky,2021-01-11 04:39:27
183,Longyearbyen,SJ,78.2186,15.6401,24.8,80,40,11.5,scattered clouds,2021-01-11 04:37:27
184,Karwar,IN,14.8,74.1333,83.52,58,32,5.91,scattered clouds,2021-01-11 04:39:28
185,Padang,ID,-0.9492,100.3543,87.85,56,98,3.71,overcast clouds,2021-01-11 04:37:14
186,Nur,PL,52.6683,22.3221,33.01,81,100,5.01,overcast clouds,2021-01-11 04:39:28
187,Nganjuk,ID,-7.6051,111.9035,87.28,68,85,4.83,overcast clouds,2021-01-11 04:39:28
188,Narasannapeta,IN,18.4167,84.05,83.43,45,5,1.28,clear sky,2021-01-11 04:39:29
189,Baoning,CN,25.3378,110.026,50.0,25,40,8.95,scattered clouds,2021-01-11 04:39:29
190,Rawson,AR,-43.3002,-65.1023,60.39,32,90,14.47,overcast clouds,2021-01-11 04:38:21
191,Broken Hill,AU,-31.95,141.4333,95.0,14,50,9.22,scattered clouds,2021-01-11 04:37:38
192,Whitehorse,CA,60.7161,-135.0538,30.2,86,90,11.5,light snow,2021-01-11 04:39:29
193,Takoradi,GH,4.8845,-1.7554,77.77,89,0,7.43,clear sky,2021-01-11 04:39:29
194,Arraial Do Cabo,BR,-22.9661,-42.0278,76.37,90,48,17.94,scattered clouds,2021-01-11 04:37:21
195,Xai-Xai,MZ,-25.0519,33.6442,78.55,69,21,8.39,few clouds,2021-01-11 04:39:30
196,Juba,SS,4.8517,31.5825,75.88,27,0,1.57,clear sky,2021-01-11 04:39:30
197,Mushie,CD,-3.0167,16.9,71.13,94,97,3.42,overcast clouds,2021-01-11 04:39:30
198,Coihaique,CL,-45.5752,-72.0662,37.99,83,60,7.25,broken clouds,2021-01-11 04:39:30
199,Seoul,KR,37.5683,126.9778,24.8,58,0,1.14,clear sky,2021-01-11 04:38:39
200,Dudinka,RU,69.4058,86.1778,-0.33,93,100,10.8,light snow,2021-01-11 04:39:31
201,Sao Domingos,BR,-13.3983,-46.3183,71.47,85,67,1.7,light rain,2021-01-11 04:39:31
202,Cockburn Town,TC,21.4612,-71.1419,77.92,80,98,16.06,overcast clouds,2021-01-11 04:39:31
203,Barra Do Garcas,BR,-15.89,-52.2567,73.22,89,83,2.06,light rain,2021-01-11 04:38:26
204,Guatire,VE,10.4762,-66.5427,68.0,84,73,2.39,broken clouds,2021-01-11 04:39:32
205,Taoudenni,ML,22.6783,-3.9836,55.9,41,68,10.54,broken clouds,2021-01-11 04:37:25
206,Russell,US,32.3502,-85.1999,42.8,87,90,2.95,overcast clouds,2021-01-11 04:39:32
207,Pemangkat,ID,1.1667,108.9667,76.6,90,100,12.28,overcast clouds,2021-01-11 04:35:04
208,Bendigo,AU,-36.7667,144.2833,96.01,37,100,5.01,overcast clouds,2021-01-11 04:39:32
209,Victoria,HK,22.2855,114.1577,50.0,56,100,3.0,overcast clouds,2021-01-11 04:36:16
210,Champerico,GT,14.3,-91.9167,66.0,95,0,4.23,clear sky,2021-01-11 04:39:33
211,Tiarei,PF,-17.5333,-149.3333,84.2,61,75,8.05,light rain,2021-01-11 04:39:33
212,Mahebourg,MU,-20.4081,57.7,78.8,94,75,13.8,light rain,2021-01-11 04:38:19
213,Tocopilla,CL,-22.092,-70.1979,68.0,69,57,5.77,broken clouds,2021-01-11 04:39:33
214,Sobolevo,RU,54.4299,31.8996,6.87,95,97,3.51,snow,2021-01-11 04:39:33
215,Eyl,SO,7.9803,49.8164,72.93,62,59,21.94,broken clouds,2021-01-11 04:39:34
216,Poum,NC,-20.2333,164.0167,84.61,75,80,8.16,broken clouds,2021-01-11 04:37:35
217,Esperance,AU,-33.8667,121.9,71.6,46,40,12.66,scattered clouds,2021-01-11 04:38:02
218,Staryy Nadym,RU,65.6118,72.6842,-23.03,82,8,6.13,clear sky,2021-01-11 04:39:34
219,Deputatskiy,RU,69.3,139.9,-35.52,82,56,4.38,broken clouds,2021-01-11 04:39:34
220,Zorritos,PE,-3.6805,-80.6782,77.81,68,83,6.31,broken clouds,2021-01-11 04:39:34
221,Havre-Saint-Pierre,CA,50.2334,-63.5986,5.0,85,1,5.75,clear sky,2021-01-11 04:39:35
222,Lorengau,PG,-2.0226,147.2712,84.65,67,18,3.6,light rain,2021-01-11 04:37:33
223,Kardla,EE,58.9978,22.7492,32.0,93,75,4.61,broken clouds,2021-01-11 04:39:35
224,Chizhou,CN,30.6578,117.4831,43.05,51,62,9.37,broken clouds,2021-01-11 04:39:35
225,Nagua,DO,19.3832,-69.8474,71.01,96,68,5.5,broken clouds,2021-01-11 04:39:35
226,Iqaluit,CA,63.7506,-68.5145,1.4,78,75,10.36,light snow,2021-01-11 04:37:24
227,San Cristobal,VE,7.7669,-72.225,64.47,90,55,2.95,broken clouds,2021-01-11 04:39:36
228,Koppal,IN,15.35,76.15,81.19,52,0,12.01,clear sky,2021-01-11 04:39:36
229,Kontagora,NG,10.3999,5.4695,67.1,25,16,5.39,few clouds,2021-01-11 04:39:36
230,Tual,ID,-5.6667,132.75,84.61,71,3,7.85,clear sky,2021-01-11 04:39:23
231,College,US,64.8569,-147.8028,17.6,79,75,6.91,broken clouds,2021-01-11 04:35:01
232,Talara,PE,-4.5772,-81.2719,70.63,81,48,11.65,scattered clouds,2021-01-11 04:37:27
233,Coahuayana,MX,18.7333,-103.6833,68.85,83,0,3.04,clear sky,2021-01-11 04:37:21
234,Sao Joao Da Barra,BR,-21.6403,-41.0511,76.55,88,36,17.34,scattered clouds,2021-01-11 04:39:37
235,Upata,VE,8.0086,-62.3989,75.99,93,19,4.0,few clouds,2021-01-11 04:35:27
236,Sayla,IN,22.55,71.4667,74.91,38,0,8.16,clear sky,2021-01-11 04:39:37
237,Dong Hoi,VN,17.4833,106.6,57.97,77,100,23.06,overcast clouds,2021-01-11 04:39:38
238,Bari Sadri,IN,24.4167,74.4667,59.0,77,75,4.61,haze,2021-01-11 04:39:38
239,Lakatoro,VU,-16.0999,167.4164,85.15,70,75,3.13,light rain,2021-01-11 04:39:38
240,Goderich,CA,43.7501,-81.7165,30.2,74,100,8.05,overcast clouds,2021-01-11 04:39:38
241,Ust-Nera,RU,64.5667,143.2,-35.77,71,78,2.35,broken clouds,2021-01-11 04:39:39
242,Shingu,JP,33.7333,135.9833,42.8,52,40,9.22,scattered clouds,2021-01-11 04:35:10
243,Chicama,PE,-7.8447,-79.1469,69.31,81,44,5.46,scattered clouds,2021-01-11 04:39:39
244,Bam,IR,29.106,58.357,49.95,27,0,0.72,clear sky,2021-01-11 04:39:39
245,Dubbo,AU,-32.25,148.6167,86.0,35,0,2.3,clear sky,2021-01-11 04:39:39
246,Carnarvon,AU,-24.8667,113.6333,82.4,65,0,21.85,clear sky,2021-01-11 04:37:09
247,Constitucion,CL,-35.3333,-72.4167,56.46,90,100,3.96,overcast clouds,2021-01-11 04:39:40
248,Ilhabela,BR,-23.7781,-45.3581,77.29,88,99,9.57,overcast clouds,2021-01-11 04:39:40
249,Fukue,JP,32.6881,128.8419,42.8,61,75,3.44,broken clouds,2021-01-11 04:38:12
250,Ponta Delgada,PT,37.7333,-25.6667,55.4,94,75,10.36,light rain,2021-01-11 04:39:40
251,Gueret,FR,46.1667,1.8667,27.0,93,0,8.05,clear sky,2021-01-11 04:39:41
252,Sao Filipe,CV,14.8961,-24.4956,69.08,73,53,18.79,broken clouds,2021-01-11 04:37:18
253,Beihai,CN,21.4833,109.1,49.82,49,100,24.74,overcast clouds,2021-01-11 04:39:41
254,Wahiawa,US,21.5028,-158.0236,78.8,73,1,3.44,clear sky,2021-01-11 04:39:41
255,Salvador,SV,13.8333,-88.9167,75.2,83,20,5.75,few clouds,2021-01-11 04:37:13
256,Severo-Kurilsk,RU,50.6789,156.125,20.03,88,98,18.1,overcast clouds,2021-01-11 04:37:33
257,Fort Nelson,CA,58.8053,-122.7002,10.4,85,75,4.61,broken clouds,2021-01-11 04:38:19
258,The Valley,AI,18.217,-63.0578,78.8,73,40,12.66,scattered clouds,2021-01-11 04:39:42
259,Bagdarin,RU,54.4333,113.6,-3.5,79,43,0.92,scattered clouds,2021-01-11 04:39:42
260,Caucaia,BR,-3.7361,-38.6531,80.01,83,0,4.61,clear sky,2021-01-11 04:37:55
261,Nizwa,OM,22.9333,57.5333,62.91,25,0,0.6,clear sky,2021-01-11 04:39:43
262,Minna,NG,9.6139,6.5569,71.47,22,0,5.35,clear sky,2021-01-11 04:39:43
263,Choya,RU,52.0108,86.5467,20.35,95,100,1.74,overcast clouds,2021-01-11 04:39:43
264,Kavaratti,IN,10.5669,72.642,81.72,72,43,1.21,scattered clouds,2021-01-11 04:39:43
265,Kaeo,NZ,-35.1,173.7833,69.12,65,34,4.07,scattered clouds,2021-01-11 04:39:43
266,Elat,IL,29.5581,34.9482,57.2,58,0,5.75,clear sky,2021-01-11 04:38:03
267,Ilo,PE,-17.6394,-71.3375,69.58,77,93,4.76,overcast clouds,2021-01-11 04:39:44
268,Isangel,VU,-19.55,169.2667,84.2,79,90,4.61,light rain,2021-01-11 04:37:15
269,Marawi,PH,7.9986,124.2928,80.01,86,81,4.0,broken clouds,2021-01-11 04:38:25
270,Luderitz,NA,-26.6481,15.1594,65.97,71,51,9.69,broken clouds,2021-01-11 04:39:45
271,Praia Da Vitoria,PT,38.7333,-27.0667,59.0,100,40,17.38,fog,2021-01-11 04:39:45
272,Madimba,TZ,-10.4,40.3333,75.2,94,75,11.5,moderate rain,2021-01-11 04:39:45
273,Bethel,US,41.3712,-73.414,27.0,79,1,3.24,clear sky,2021-01-11 04:38:05
274,Kohtla-Jarve,EE,59.3986,27.2731,17.11,96,100,15.57,snow,2021-01-11 04:39:45
275,Vila Velha,BR,-20.3297,-40.2925,77.0,88,40,6.91,light rain,2021-01-11 04:39:46
276,Chapais,CA,49.7834,-74.8492,14.0,92,90,9.22,mist,2021-01-11 04:37:11
277,Mecca,SA,21.4267,39.8261,71.6,37,0,5.23,clear sky,2021-01-11 04:35:33
278,Dhadar,IN,28.3305,75.0632,61.43,32,0,8.81,clear sky,2021-01-11 04:39:46
279,Rio Grande,BR,-32.035,-52.0986,75.99,89,37,1.01,scattered clouds,2021-01-11 04:39:46
280,Nanakuli,US,21.3906,-158.1547,78.8,57,1,4.61,clear sky,2021-01-11 04:39:47
281,Okaya,JP,36.0566,138.0451,35.01,60,75,3.44,broken clouds,2021-01-11 04:39:47
282,Berlevag,NO,70.8578,29.0864,14.0,67,0,25.32,clear sky,2021-01-11 04:39:47
283,Laiyang,CN,36.9758,120.7136,30.76,79,90,6.76,overcast clouds,2021-01-11 04:39:47
284,Gobabis,NA,-22.45,18.9667,67.86,82,100,11.59,moderate rain,2021-01-11 04:39:47
285,Honningsvag,NO,70.9821,25.9704,17.6,86,75,32.21,light snow,2021-01-11 04:39:48
286,Burnie,AU,-41.0667,145.9167,75.99,55,98,8.99,overcast clouds,2021-01-11 04:39:48
287,Champasak,LA,14.75,106.0,75.2,46,0,18.41,clear sky,2021-01-11 04:39:48
288,Laguna,US,38.421,-121.4238,48.99,87,1,4.61,clear sky,2021-01-11 04:37:42
289,Kuytun,RU,54.3419,101.5036,8.65,93,100,9.69,overcast clouds,2021-01-11 04:39:48
290,Nortelandia,BR,-14.4547,-56.8028,71.62,87,99,3.51,overcast clouds,2021-01-11 04:39:49
291,Samarai,PG,-10.6167,150.6667,87.22,70,62,10.38,broken clouds,2021-01-11 04:39:49
292,Horki,BY,54.2861,30.9842,17.6,93,90,4.47,mist,2021-01-11 04:39:49
293,Bambanglipuro,ID,-7.95,110.2833,85.96,67,61,8.48,broken clouds,2021-01-11 04:39:49
294,Jos,NG,9.9167,8.9,60.22,33,0,5.82,clear sky,2021-01-11 04:39:49
295,Brae,GB,60.3964,-1.353,32.0,93,90,3.44,overcast clouds,2021-01-11 04:37:24
296,Plettenberg Bay,ZA,-34.0527,23.3716,65.66,76,3,6.22,clear sky,2021-01-11 04:39:50
297,Smithers,CA,54.7804,-127.1743,35.6,87,90,5.75,light snow,2021-01-11 04:39:50
298,Tiksi,RU,71.6872,128.8694,-25.8,84,100,14.9,overcast clouds,2021-01-11 04:39:50
299,Presidencia Roque Saenz Pena,AR,-26.7852,-60.4388,84.0,82,69,3.0,broken clouds,2021-01-11 04:39:50
300,Naze,JP,28.3667,129.4833,60.8,63,75,5.75,broken clouds,2021-01-11 04:39:50
301,Kayerkan,RU,69.3497,87.7602,-11.65,89,100,10.0,light snow,2021-01-11 04:39:51
302,Maragogi,BR,-9.0122,-35.2225,76.3,84,90,7.18,overcast clouds,2021-01-11 04:36:39
303,Noumea,NC,-22.2763,166.4572,86.0,66,90,8.05,overcast clouds,2021-01-11 04:39:51
304,Vao,NC,-22.6667,167.4833,77.7,90,100,14.56,moderate rain,2021-01-11 04:39:51
305,Havelock,US,34.8791,-76.9013,35.01,86,1,2.01,clear sky,2021-01-11 04:37:19
306,Yaan,NG,7.3833,8.5667,71.38,81,3,2.8,clear sky,2021-01-11 04:39:52
307,Namatanai,PG,-3.6667,152.4333,86.04,64,71,4.27,broken clouds,2021-01-11 04:39:52
308,Shanhetun,CN,44.7,127.2,12.04,91,23,12.21,few clouds,2021-01-11 04:39:52
309,Pital,CO,2.2665,-75.8044,67.05,77,63,3.98,light rain,2021-01-11 04:39:53
310,Alingsas,SE,57.9303,12.5335,33.01,93,40,13.8,light snow,2021-01-11 04:39:53
311,Nijar,ES,36.9665,-2.206,48.0,76,75,8.05,broken clouds,2021-01-11 04:39:53
312,Gannan,CN,47.9147,123.5031,8.89,83,100,4.52,overcast clouds,2021-01-11 04:39:54
313,Assiniboia,CA,49.6334,-105.9845,24.8,80,93,13.8,overcast clouds,2021-01-11 04:38:01
314,Pingliang,CN,35.5392,106.6861,18.0,89,0,1.99,clear sky,2021-01-11 04:39:54
315,Port Hardy,CA,50.6996,-127.4199,46.4,93,90,20.71,moderate rain,2021-01-11 04:38:24
316,Acajete,MX,19.1,-97.95,51.06,78,98,4.0,overcast clouds,2021-01-11 04:39:55
317,Ancud,CL,-41.8697,-73.8203,44.01,87,0,5.75,light rain,2021-01-11 04:39:55
318,Saint George,US,37.1041,-113.5841,36.0,38,75,3.44,broken clouds,2021-01-11 04:37:35
319,Belaya Gora,RU,68.5333,146.4167,-35.88,84,2,3.22,clear sky,2021-01-11 04:39:55
320,Solnechnyy,RU,50.7214,136.6319,-6.34,84,96,3.53,overcast clouds,2021-01-11 04:39:56
321,Dodge City,US,37.7528,-100.0171,30.2,86,1,3.44,clear sky,2021-01-11 04:39:56
322,Iskateley,RU,67.6803,53.1512,-9.22,89,14,5.32,few clouds,2021-01-11 04:39:56
323,Moravska Trebova,CZ,49.7579,16.6643,25.0,96,20,3.53,few clouds,2021-01-11 04:39:56
324,Andra,RU,62.5147,65.8878,-27.13,85,0,3.18,clear sky,2021-01-11 04:39:57
325,Kolo,PL,52.2002,18.6387,30.0,99,98,1.99,overcast clouds,2021-01-11 04:39:57
326,Tazovskiy,RU,67.4667,78.7,-3.96,91,98,16.84,overcast clouds,2021-01-11 04:39:57
327,Marsh Harbour,BS,26.5412,-77.0636,67.91,59,100,6.51,overcast clouds,2021-01-11 04:35:16
328,Salalah,OM,17.0151,54.0924,66.2,30,0,6.91,clear sky,2021-01-11 04:37:32
329,Tayu,ID,-6.5397,111.0518,84.22,77,100,9.89,overcast clouds,2021-01-11 04:39:16
330,Isiro,CD,2.7739,27.616,66.4,80,0,1.72,clear sky,2021-01-11 04:39:58
331,Altay,CN,47.8667,88.1167,13.17,85,91,1.43,overcast clouds,2021-01-11 04:39:27
332,Pointe Michel,DM,15.25,-61.3833,77.18,74,6,16.17,clear sky,2021-01-11 04:39:59
333,Albacete,ES,38.8333,-2.0,30.2,100,90,3.69,mist,2021-01-11 04:39:59
334,Upernavik,GL,72.7868,-56.1549,11.95,87,99,13.29,overcast clouds,2021-01-11 04:38:09
335,Anadyr,RU,64.75,177.4833,-29.0,68,0,11.18,fog,2021-01-11 04:37:37
336,Mantua,IT,45.1667,10.7833,28.0,86,20,2.3,few clouds,2021-01-11 04:40:00
337,Inta,RU,66.0317,60.1659,-11.94,76,0,1.74,clear sky,2021-01-11 04:40:00
338,Riosucio,CO,5.4216,-75.7032,56.97,95,58,1.25,heavy intensity rain,2021-01-11 04:40:00
339,Shangqiu,CN,34.45,115.65,39.06,52,0,17.09,clear sky,2021-01-11 04:40:01
340,Narok,KE,-1.0783,35.8601,60.4,83,69,1.12,broken clouds,2021-01-11 04:40:01
341,Komsomolskiy,UZ,40.4272,71.7189,26.6,59,0,4.61,clear sky,2021-01-11 04:37:43
342,Atar,MR,20.5169,-13.0499,53.35,43,92,11.25,overcast clouds,2021-01-11 04:40:01
343,Gizo,SB,-8.103,156.8419,81.97,76,100,6.04,light rain,2021-01-11 04:40:01
344,Faya,SA,18.3851,42.4509,44.6,52,0,5.14,clear sky,2021-01-11 04:40:02
345,Talnakh,RU,69.4865,88.3972,-15.09,87,100,8.37,light snow,2021-01-11 04:37:26
346,Whakatane,NZ,-37.9585,176.9854,80.01,65,0,7.0,clear sky,2021-01-11 04:40:03
347,Morrope,PE,-6.5417,-80.0111,71.24,75,81,13.27,broken clouds,2021-01-11 04:40:03
348,Udachnyy,RU,66.4167,112.4,-38.58,80,42,3.18,scattered clouds,2021-01-11 04:40:04
349,Saint-Francois,FR,46.4154,3.9054,21.0,93,2,3.36,clear sky,2021-01-11 04:40:04
350,Whitianga,NZ,-36.8333,175.7,74.82,54,0,6.78,clear sky,2021-01-11 04:40:04
351,Riyadh,SA,24.6877,46.7219,50.0,66,0,4.29,haze,2021-01-11 04:40:05
352,Dunedin,NZ,-45.8742,170.5036,55.15,67,70,4.59,broken clouds,2021-01-11 04:36:23
353,Maldonado,UY,-34.6667,-54.9167,75.99,88,40,17.27,scattered clouds,2021-01-11 04:40:05
354,Bukama,CD,-9.2,25.85,69.3,94,99,0.74,overcast clouds,2021-01-11 04:40:05
355,Jequie,BR,-13.8575,-40.0836,72.88,89,66,2.24,broken clouds,2021-01-11 04:40:05
356,Margate,GB,51.3813,1.3862,39.99,90,97,3.0,overcast clouds,2021-01-11 04:36:39
357,Hami,CN,42.8,93.45,21.13,77,6,2.46,clear sky,2021-01-11 04:40:06
358,Harbour Breton,CA,47.4833,-55.7983,31.14,93,97,12.55,overcast clouds,2021-01-11 04:40:06
359,Olinda,BR,-8.0089,-34.8553,78.8,69,40,5.75,scattered clouds,2021-01-11 04:37:41
360,Bara,NG,10.3744,10.7288,66.29,26,70,7.43,broken clouds,2021-01-11 04:40:06
361,Sikandarabad,IN,28.45,77.7,60.01,93,40,8.05,fog,2021-01-11 04:40:07
362,Ylojarvi,FI,61.5563,23.5961,30.2,93,90,5.75,light snow,2021-01-11 04:40:07
363,Mehamn,NO,71.0357,27.8492,14.0,67,0,25.32,clear sky,2021-01-11 04:37:55
364,Snyder,US,32.7179,-100.9176,30.2,100,90,4.61,overcast clouds,2021-01-11 04:37:36
365,Quepos,CR,9.4236,-84.1652,71.6,68,0,9.22,clear sky,2021-01-11 04:40:08
366,Leh,IN,34.1667,77.5833,7.68,53,0,1.74,clear sky,2021-01-11 04:37:47
367,Natchez,US,31.5604,-91.4032,33.8,93,90,14.97,snow,2021-01-11 04:40:08
368,Pisco,PE,-13.7,-76.2167,68.0,88,0,13.8,clear sky,2021-01-11 04:37:27
369,Guerrero Negro,MX,27.9769,-114.0611,60.28,39,0,5.59,clear sky,2021-01-11 04:38:06
370,Khategaon,IN,22.6,76.9167,78.48,49,0,8.23,clear sky,2021-01-11 04:40:09
371,Itarema,BR,-2.9248,-39.9167,77.2,82,60,9.89,broken clouds,2021-01-11 04:40:09
372,Chara,RU,56.9064,118.2631,-11.88,78,96,0.67,overcast clouds,2021-01-11 04:40:09
373,Mwaya,TZ,-9.55,33.95,72.32,85,100,3.62,light rain,2021-01-11 04:40:09
374,Chenghai,CN,23.4632,116.768,48.2,66,0,4.47,light rain,2021-01-11 04:40:10
375,Kloulklubed,PW,7.0419,134.2556,86.0,74,75,9.22,light rain,2021-01-11 04:40:10
376,Port Keats,AU,-14.25,129.55,90.77,60,82,8.63,broken clouds,2021-01-11 04:40:10
377,Tarauaca,BR,-8.1614,-70.7656,73.53,92,100,1.86,overcast clouds,2021-01-11 04:40:11
378,Jacksonville,US,30.3322,-81.6556,48.99,81,75,1.74,broken clouds,2021-01-11 04:38:18
379,Manta,EC,-0.95,-80.7333,77.0,83,75,4.61,broken clouds,2021-01-11 04:40:11
380,Hofn,IS,64.2539,-15.2082,26.82,87,0,20.24,clear sky,2021-01-11 04:40:11
381,Hlotse,LS,-28.8718,28.045,63.86,78,60,5.5,broken clouds,2021-01-11 04:40:11
382,Mingaora,PK,34.7758,72.3625,53.29,30,0,7.4,clear sky,2021-01-11 04:37:03
383,Richards Bay,ZA,-28.783,32.0377,73.76,87,80,9.69,broken clouds,2021-01-11 04:40:12
384,Beringovskiy,RU,63.05,179.3167,-21.08,84,7,14.03,clear sky,2021-01-11 04:37:44
385,Sarkikaraagac,TR,38.0794,31.3664,47.55,77,92,5.66,overcast clouds,2021-01-11 04:40:12
386,Strezhevoy,RU,60.7333,77.5889,-25.6,75,0,4.47,clear sky,2021-01-11 04:37:55
387,Piopio,NZ,-38.4667,175.0167,78.01,52,0,4.0,clear sky,2021-01-11 04:40:13
388,Shuyskoye,RU,59.3736,41.0305,-8.41,90,46,5.73,scattered clouds,2021-01-11 04:40:13
389,Xocali,AZ,39.913,46.7903,45.12,54,82,1.74,broken clouds,2021-01-11 04:40:13
390,Rio Cuarto,AR,-33.1307,-64.3499,73.99,91,51,8.99,broken clouds,2021-01-11 04:40:14
391,Plouzane,FR,48.3833,-4.6167,41.0,87,90,4.61,overcast clouds,2021-01-11 04:40:14
392,Oktyabrskiy,RU,54.4815,53.471,-1.88,91,56,4.47,broken clouds,2021-01-11 04:40:14
393,Taitung,TW,22.7583,121.1444,60.8,59,75,4.61,broken clouds,2021-01-11 04:40:14
394,Ayr,GB,55.4627,-4.6339,46.4,93,75,13.8,broken clouds,2021-01-11 04:40:15
395,Rulenge,TZ,-2.7175,30.6325,62.38,92,99,1.1,overcast clouds,2021-01-11 04:40:15
396,Camana,PE,-16.6228,-72.7111,70.45,73,99,6.08,overcast clouds,2021-01-11 04:40:15
397,Nouadhibou,MR,20.931,-17.0347,60.8,72,74,23.02,sand,2021-01-11 04:40:15
398,Luganville,VU,-15.5333,167.1667,84.88,73,87,4.81,light rain,2021-01-11 04:40:15
399,Vestmanna,FO,62.1564,-7.1664,30.2,80,75,14.97,light snow,2021-01-11 04:40:16
400,Yulara,AU,-25.2406,130.9889,102.2,8,8,12.66,clear sky,2021-01-11 04:38:02
401,Calvinia,ZA,-31.4707,19.776,67.57,58,11,8.77,few clouds,2021-01-11 04:40:16
402,Zhuhai,CN,22.2769,113.5678,50.0,53,40,23.02,scattered clouds,2021-01-11 04:40:16
403,Reims,FR,49.1667,4.0833,26.6,93,90,1.14,fog,2021-01-11 04:40:16
404,Barsovo,RU,61.1667,73.1667,-27.4,75,0,4.47,clear sky,2021-01-11 04:40:17
405,Gamba,GA,-2.65,10.0,76.21,88,74,2.89,broken clouds,2021-01-11 04:40:17
406,Sindor,RU,62.8629,51.8905,-9.63,86,0,6.38,clear sky,2021-01-11 04:40:17
407,Hammerfest,NO,70.6634,23.6821,15.8,67,37,12.66,scattered clouds,2021-01-11 04:40:17
408,Tabou,CI,4.423,-7.3528,77.86,87,13,8.08,few clouds,2021-01-11 04:40:17
409,Vila,PT,42.0304,-8.1588,30.0,82,0,3.0,clear sky,2021-01-11 04:37:59
410,Sorland,NO,67.667,12.6934,33.8,60,75,6.91,broken clouds,2021-01-11 04:40:18
411,Caravelas,BR,-17.7125,-39.2481,75.34,90,0,4.76,clear sky,2021-01-11 04:38:00
412,Havoysund,NO,70.9963,24.6622,17.6,86,75,32.21,light snow,2021-01-11 04:40:18
413,Paamiut,GL,61.994,-49.6678,32.4,98,100,3.06,snow,2021-01-11 04:37:46
414,Sandwick,GB,60.0,-1.25,32.0,93,90,3.44,overcast clouds,2021-01-11 04:40:19
415,Xining,CN,36.6167,101.7667,14.88,54,0,4.29,clear sky,2021-01-11 04:40:19
416,Senanga,ZM,-16.1167,23.2667,67.64,93,100,5.73,overcast clouds,2021-01-11 04:40:19
417,Fortuna Foothills,US,32.6578,-114.4119,55.4,30,1,9.22,clear sky,2021-01-11 04:40:19
418,Port Hedland,AU,-20.3167,118.5667,95.0,59,19,12.66,few clouds,2021-01-11 04:37:13
419,Mbanza-Ngungu,CD,-5.25,14.8667,64.11,100,93,6.2,overcast clouds,2021-01-11 04:40:20
420,Clyde River,CA,70.4692,-68.5914,5.0,85,90,12.66,overcast clouds,2021-01-11 04:38:01
421,Mashhad,IR,36.297,59.6062,30.2,51,0,4.61,clear sky,2021-01-11 04:37:10
422,Agropoli,IT,40.3469,14.9966,48.0,93,67,1.01,broken clouds,2021-01-11 04:40:20
423,Half Moon Bay,US,37.4636,-122.4286,55.4,93,20,4.81,few clouds,2021-01-11 04:40:20
424,Buala,SB,-8.145,159.5921,83.59,74,100,4.61,moderate rain,2021-01-11 04:40:20
425,Ucluelet,CA,48.9329,-125.5528,50.0,93,100,5.01,light rain,2021-01-11 04:40:21
426,Galle,LK,6.0367,80.217,81.97,71,96,2.86,overcast clouds,2021-01-11 04:40:21
427,Enshi,CN,30.3,109.4833,47.8,49,48,1.86,scattered clouds,2021-01-11 04:40:21
428,Nicoya,CR,10.1483,-85.452,77.0,69,75,5.75,broken clouds,2021-01-11 04:38:13
429,Ajaccio,FR,42.0,8.9167,48.2,81,75,5.75,broken clouds,2021-01-11 04:40:21
430,Mendi,PG,-6.1761,143.6513,64.81,93,100,2.51,overcast clouds,2021-01-11 04:40:22
431,Saint-Augustin,CA,51.226,-58.6502,13.89,83,0,12.73,clear sky,2021-01-11 04:37:10
432,Geraldton,AU,-28.7667,114.6,87.8,33,0,24.16,clear sky,2021-01-11 04:34:27
433,Khorixas,NA,-20.3667,14.9667,67.23,53,100,5.39,overcast clouds,2021-01-11 04:40:22
434,Yar-Sale,RU,66.8333,70.8333,-14.69,82,35,8.77,scattered clouds,2021-01-11 04:40:22
435,Vardo,NO,70.3705,31.1107,12.2,79,75,20.71,broken clouds,2021-01-11 04:37:46
436,Nuuk,GL,64.1835,-51.7216,30.2,100,90,8.05,snow,2021-01-11 04:40:19
437,Miri,MY,4.4148,114.0089,84.2,79,40,6.91,scattered clouds,2021-01-11 04:37:56
438,Svetlogorsk,BY,52.6333,29.7333,16.05,97,79,3.58,broken clouds,2021-01-11 04:40:23
439,Monywa,MM,22.1167,95.1333,82.72,45,52,6.08,broken clouds,2021-01-11 04:40:23
440,Mitchell,US,43.7094,-98.0298,30.2,80,1,11.5,clear sky,2021-01-11 04:36:14
441,Quesnel,CA,52.9999,-122.5029,41.0,65,90,10.36,overcast clouds,2021-01-11 04:40:24
442,Rafai,CF,4.95,23.9167,58.41,36,0,2.26,clear sky,2021-01-11 04:40:24
443,Nova Gradiska,HR,45.255,17.3831,28.0,94,100,1.99,light snow,2021-01-11 04:40:24
444,Puri,IN,19.8,85.85,77.0,69,20,8.05,haze,2021-01-11 04:40:25
445,Meulaboh,ID,4.1363,96.1285,82.38,70,96,1.59,overcast clouds,2021-01-11 04:40:25
446,Bandarbeyla,SO,9.4942,50.8122,73.71,66,50,22.7,scattered clouds,2021-01-11 04:37:52
447,Kalmunai,LK,7.4167,81.8167,77.83,90,100,4.16,moderate rain,2021-01-11 04:40:25
448,Qasigiannguit,GL,68.8193,-51.1922,21.2,79,75,2.3,broken clouds,2021-01-11 04:40:25
449,Sangod,IN,24.9167,76.2833,66.22,44,0,6.6,clear sky,2021-01-11 04:40:17
450,Karratha,AU,-20.7377,116.8463,101.79,27,51,12.48,broken clouds,2021-01-11 04:37:49
451,Roma,US,43.2128,-75.4557,27.0,80,90,1.21,overcast clouds,2021-01-11 04:37:14
452,Sibolga,ID,1.7427,98.7792,84.67,67,78,6.15,light rain,2021-01-11 04:36:52
453,Umea,SE,63.8284,20.2597,23.0,93,40,6.91,scattered clouds,2021-01-11 04:40:27
454,Escanaba,US,45.7453,-87.0646,25.0,86,90,8.05,overcast clouds,2021-01-11 04:40:25
455,Lithakia,GR,37.7167,20.8333,69.8,52,75,18.41,broken clouds,2021-01-11 04:40:27
456,Kieta,PG,-6.2167,155.6333,84.81,69,95,4.05,moderate rain,2021-01-11 04:40:27
457,Kahului,US,20.8947,-156.47,75.2,69,1,14.97,clear sky,2021-01-11 04:32:46
458,Nemuro,JP,43.3236,145.575,21.2,49,20,10.36,few clouds,2021-01-11 04:40:28
459,Sarkand,KZ,45.41,79.9186,36.75,71,3,2.75,clear sky,2021-01-11 04:40:28
460,Kathu,TH,7.9178,98.3332,86.0,69,40,6.91,scattered clouds,2021-01-11 04:37:27
461,Adre,TD,13.4667,22.2,57.7,32,0,15.19,clear sky,2021-01-11 04:40:28
462,San Matias,BO,-16.3667,-58.4,75.6,75,83,4.27,broken clouds,2021-01-11 04:40:28
463,Murray Bridge,AU,-35.1167,139.2667,98.01,16,100,19.04,overcast clouds,2021-01-11 04:40:28
464,Muravlenko,RU,63.7898,74.523,-28.64,86,22,6.71,few clouds,2021-01-11 04:40:29
465,Nema,RU,57.5067,50.5011,-1.01,92,100,10.25,light snow,2021-01-11 04:40:29
466,La Suiza,CR,9.8524,-83.6133,71.6,68,0,9.22,clear sky,2021-01-11 04:40:29
467,Khatanga,RU,71.9667,102.5,-7.37,91,100,13.18,light snow,2021-01-11 04:38:24
468,Salekhard,RU,66.53,66.6019,-15.03,85,44,8.37,scattered clouds,2021-01-11 04:40:29
469,Serov,RU,59.6033,60.5787,-24.97,86,100,8.14,overcast clouds,2021-01-11 04:40:30
470,Ghanzi,BW,-21.5667,21.7833,73.18,69,42,5.99,scattered clouds,2021-01-11 04:40:30
471,Olafsvik,IS,64.8945,-23.7142,27.19,91,0,22.03,clear sky,2021-01-11 04:40:30
472,Puerto Escondido,MX,15.85,-97.0667,75.2,78,1,4.14,clear sky,2021-01-11 04:40:30
473,Seymchan,RU,62.8833,152.4333,-33.12,82,100,0.94,overcast clouds,2021-01-11 04:40:31
474,Lasa,IT,46.6166,10.7002,18.0,67,0,9.22,clear sky,2021-01-11 04:38:23
475,Kawalu,ID,-7.3817,108.2082,84.79,67,77,3.69,moderate rain,2021-01-11 04:38:09
476,Mayo,US,38.8876,-76.5119,30.2,93,1,2.59,clear sky,2021-01-11 04:40:31
477,Port Blair,IN,11.6667,92.75,82.63,71,27,13.62,scattered clouds,2021-01-11 04:40:31
478,Vagur,FO,61.4732,-6.8119,33.64,89,100,26.15,overcast clouds,2021-01-11 04:40:32
479,Aanekoski,FI,62.6946,25.818,17.6,86,90,14.97,snow,2021-01-11 04:40:32
480,Omboue,GA,-1.5746,9.2618,76.41,89,3,5.12,light rain,2021-01-11 04:40:32
481,Progreso,MX,21.2833,-89.6667,68.0,83,1,10.36,clear sky,2021-01-11 04:40:30
482,Hirara,JP,24.8,125.2833,66.2,59,75,12.66,broken clouds,2021-01-11 04:38:53
483,Tigil,RU,57.8,158.6667,3.99,89,18,7.56,few clouds,2021-01-11 04:40:33
484,Manakara,MG,-22.1333,48.0167,80.51,73,14,2.06,few clouds,2021-01-11 04:37:17
485,Ambon,ID,-3.6954,128.1814,91.4,66,20,8.05,few clouds,2021-01-11 04:40:33
486,Oranjestad,AW,12.524,-70.027,80.6,78,20,19.57,few clouds,2021-01-11 04:40:33
487,Jega,NG,12.2175,4.3792,66.94,25,0,8.43,clear sky,2021-01-11 04:40:34
488,Flinders,AU,-34.5833,150.8552,82.99,61,50,5.01,scattered clouds,2021-01-11 04:40:34
489,Baykit,RU,61.67,96.37,-16.92,82,95,3.24,overcast clouds,2021-01-11 04:40:34
490,Harper,LR,4.375,-7.7169,78.21,88,32,9.64,scattered clouds,2021-01-11 04:40:34
491,Talakan,RU,50.3167,130.3667,-6.75,81,17,3.06,few clouds,2021-01-11 04:40:34
492,Cookeville,US,36.1628,-85.5016,28.99,93,40,1.79,scattered clouds,2021-01-11 04:40:34
493,Valdivia,CL,-39.8142,-73.2459,50.0,93,20,3.44,few clouds,2021-01-11 04:37:27
494,Bainbridge,US,47.6262,-122.5212,48.0,93,75,3.44,broken clouds,2021-01-11 04:39:57
495,Ostrovnoy,RU,68.0531,39.5131,6.37,93,12,14.03,few clouds,2021-01-11 04:40:35
496,Sistranda,NO,63.7256,8.834,28.4,69,0,13.8,clear sky,2021-01-11 04:40:36
497,Gabu,GW,12.2833,-14.2167,66.36,37,0,5.1,clear sky,2021-01-11 04:40:36
498,Jinchang,CN,38.4953,102.1739,25.47,51,1,6.17,clear sky,2021-01-11 04:40:36
499,Skibbereen,IE,51.55,-9.2667,37.4,93,40,6.91,scattered clouds,2021-01-11 04:40:36
500,Lalganj,IN,25.8667,85.1833,64.4,63,10,5.75,haze,2021-01-11 04:40:36
501,State College,US,40.7934,-77.86,26.6,74,1,1.7,clear sky,2021-01-11 04:40:36
502,Alghero,IT,40.5589,8.3181,44.6,100,20,3.44,few clouds,2021-01-11 04:40:37
503,Lethem,GY,3.3803,-59.7968,75.07,82,67,11.36,broken clouds,2021-01-11 04:37:50
504,Joshimath,IN,30.5667,79.5667,59.94,21,0,1.48,clear sky,2021-01-11 04:40:37
505,Hambantota,LK,6.1241,81.1185,82.4,89,40,3.44,scattered clouds,2021-01-11 04:40:37
506,Guadalupe Y Calvo,MX,26.1,-106.9667,33.87,83,0,4.41,clear sky,2021-01-11 04:40:37
507,Saint-Pierre,RE,-21.3393,55.4781,78.8,94,90,13.8,light rain,2021-01-11 04:38:11
508,Puerto Madryn,AR,-42.7692,-65.0385,61.41,31,100,16.6,overcast clouds,2021-01-11 04:40:38
509,Brody,UA,50.0879,25.1503,26.94,97,53,2.26,broken clouds,2021-01-11 04:40:38
510,Vallenar,CL,-28.5708,-70.7581,59.07,62,0,1.74,clear sky,2021-01-11 04:40:38
511,Bundaberg,AU,-24.85,152.35,82.99,57,90,20.71,overcast clouds,2021-01-11 04:40:38
512,Matara,LK,5.9485,80.5353,84.61,65,88,1.81,overcast clouds,2021-01-11 04:39:48
513,Shenyang,CN,41.7922,123.4328,28.4,34,0,11.18,clear sky,2021-01-11 04:40:39
514,Kamenka,RU,51.3223,42.7678,9.1,96,81,7.78,snow,2021-01-11 04:40:39
515,Sokoto,NG,13.0609,5.239,66.96,25,0,9.78,clear sky,2021-01-11 04:40:39
516,Pitimbu,BR,-7.4706,-34.8086,78.8,83,75,4.61,broken clouds,2021-01-11 04:40:39
517,Normandin,CA,48.8333,-72.5321,6.8,85,38,3.44,scattered clouds,2021-01-11 04:40:40
518,Zarubino,RU,42.63,131.0922,19.63,77,43,6.76,scattered clouds,2021-01-11 04:37:21
519,Butka,RU,56.7179,63.7866,-10.97,89,100,9.62,overcast clouds,2021-01-11 04:40:40
520,Sabha,LY,27.0377,14.4283,59.7,34,100,15.35,overcast clouds,2021-01-11 04:37:34
521,Himeji,JP,34.8167,134.7,45.0,52,75,4.61,broken clouds,2021-01-11 04:40:40
522,Phangnga,TH,8.4509,98.5298,84.2,69,40,6.91,scattered clouds,2021-01-11 04:40:41
523,Paris,FR,48.8534,2.3488,34.0,93,90,2.82,mist,2021-01-11 04:36:38
524,Sao Jose Da Coroa Grande,BR,-8.8978,-35.1478,76.89,83,86,7.96,overcast clouds,2021-01-11 04:37:58
525,Oum Hadjer,TD,13.2954,19.6966,61.59,29,0,9.46,clear sky,2021-01-11 04:38:11
526,Ca Mau,VN,9.1769,105.15,84.13,58,80,7.45,broken clouds,2021-01-11 04:40:41
527,Skjervoy,NO,70.0311,20.9714,22.3,90,89,16.8,overcast clouds,2021-01-11 04:40:42
528,Mitake,JP,35.4167,137.1333,46.99,59,100,4.03,overcast clouds,2021-01-11 04:40:42
529,Tilichiki,RU,60.4667,166.1,-5.82,92,100,12.08,overcast clouds,2021-01-11 04:37:17
530,Mizque,BO,-17.941,-65.3402,62.2,71,65,2.53,moderate rain,2021-01-11 04:40:42
531,Mount Isa,AU,-20.7333,139.5,95.0,29,40,8.05,scattered clouds,2021-01-11 04:37:53
532,Sinnamary,GF,5.3833,-52.95,76.75,87,94,12.21,overcast clouds,2021-01-11 04:40:42
533,Srednekolymsk,RU,67.45,153.6833,-36.22,83,43,1.57,scattered clouds,2021-01-11 04:37:10
534,Yeppoon,AU,-23.1333,150.7333,80.6,69,75,9.22,drizzle,2021-01-11 04:40:43
535,Gidam,IN,18.9833,81.4,88.12,27,0,1.34,clear sky,2021-01-11 04:40:43
536,Panaba,MX,21.2833,-88.2667,62.91,84,0,8.23,clear sky,2021-01-11 04:40:43
537,Teya,RU,60.3778,92.6267,-15.38,85,86,2.26,overcast clouds,2021-01-11 04:40:43
538,Port Macquarie,AU,-31.4333,152.9167,80.01,50,16,12.66,few clouds,2021-01-11 04:38:19
539,Kuito,AO,-12.3833,16.9333,54.66,84,96,6.8,overcast clouds,2021-01-11 04:40:44
540,Marsa Matruh,EG,31.3525,27.2453,55.4,71,0,6.91,clear sky,2021-01-11 04:37:57
541,Bella Vista,US,36.4295,-94.2316,28.4,86,1,6.91,clear sky,2021-01-11 04:40:44
542,Astana,KZ,51.1801,71.446,14.0,73,0,17.9,clear sky,2021-01-11 04:40:44
543,Xichang,CN,27.8964,102.2634,39.0,36,100,3.51,light rain,2021-01-11 04:40:45
544,Aswan,EG,24.0934,32.907,60.35,59,0,10.07,clear sky,2021-01-11 04:40:45
545,Mpika,ZM,-11.8343,31.4529,62.37,98,100,8.12,moderate rain,2021-01-11 04:40:45
546,Cap Malheureux,MU,-19.9842,57.6142,84.0,79,1,8.99,light rain,2021-01-11 04:40:45
547,Tulun,RU,54.5611,100.5792,9.32,89,100,10.27,overcast clouds,2021-01-11 04:40:45
548,Batagay-Alyta,RU,67.8006,130.4114,-33.36,79,57,2.3,broken clouds,2021-01-11 04:40:46
549,Manokwari,ID,-0.8667,134.0833,83.48,70,100,3.91,overcast clouds,2021-01-11 04:37:02
550,Fairbanks,US,64.8378,-147.7164,17.6,79,75,6.91,broken clouds,2021-01-11 04:35:11
551,Appleton,US,44.2619,-88.4154,21.0,100,90,9.22,mist,2021-01-11 04:40:46
552,Agadez,NE,19.75,10.25,62.62,28,0,6.24,clear sky,2021-01-11 04:40:47
553,Kuvandyk,RU,51.4781,57.3552,19.83,97,100,3.36,overcast clouds,2021-01-11 04:40:47
554,Fonte Boa,BR,-2.4959,-66.2662,72.01,97,93,1.86,overcast clouds,2021-01-11 04:40:47
555,Gorontalo,ID,0.5412,123.0595,90.99,53,2,3.44,clear sky,2021-01-11 04:39:01
556,Sierre,CH,46.2919,7.5356,18.0,86,0,2.3,clear sky,2021-01-11 04:40:47
557,Emba,KZ,48.8264,58.1442,26.58,98,100,2.59,light snow,2021-01-11 04:40:48
558,Kaduna,NG,10.5222,7.4383,64.56,28,0,7.63,clear sky,2021-01-11 04:40:48
559,Chaah,MY,2.249,103.048,77.14,89,100,7.23,overcast clouds,2021-01-11 04:40:48
560,Amarpatan,IN,24.3167,80.9833,70.68,50,0,3.33,clear sky,2021-01-11 04:40:48
561,Taltal,CL,-25.4,-70.4833,63.25,75,57,1.57,broken clouds,2021-01-11 04:40:20
562,Flin Flon,CA,54.7682,-101.865,20.57,96,100,4.25,overcast clouds,2021-01-11 04:40:49
563,Cazones,MX,20.7167,-97.3167,68.72,88,63,2.44,broken clouds,2021-01-11 04:40:49
564,Malartic,CA,48.1335,-78.1328,15.8,92,90,4.61,light snow,2021-01-11 04:40:49
565,Avera,US,33.194,-82.5271,37.0,100,1,3.87,clear sky,2021-01-11 04:40:50
566,Marratxi,ES,39.6421,2.7539,46.99,87,40,12.66,scattered clouds,2021-01-11 04:40:50
567,Tayga,RU,56.06,85.6197,-2.0,84,100,4.47,light snow,2021-01-11 04:40:50
568,Weligama,LK,5.9667,80.4167,84.74,65,98,3.04,overcast clouds,2021-01-11 04:40:50
569,Moultonborough,US,43.7548,-71.3967,24.01,76,76,2.53,broken clouds,2021-01-11 04:40:50
570,Ascension,US,30.2169,-90.9001,39.2,87,90,5.75,light rain,2021-01-11 04:40:51
571,Warmbad,NA,-28.45,18.7333,77.32,39,52,3.56,broken clouds,2021-01-11 04:37:51
572,Tabas,IR,33.5959,56.9244,26.6,31,0,2.3,clear sky,2021-01-11 04:40:51
573,Puerto Leguizamo,CO,-0.1934,-74.7819,71.17,96,20,1.12,few clouds,2021-01-11 04:40:51
574,Pimentel,PE,-6.8367,-79.9342,69.28,84,78,11.74,broken clouds,2021-01-11 04:40:51
575,Kiama,AU,-34.6833,150.8667,82.99,67,58,15.99,broken clouds,2021-01-11 04:38:16
576,Huarmey,PE,-10.0681,-78.1522,69.28,86,60,6.82,broken clouds,2021-01-11 04:40:52
577,Suba,PH,10.8438,121.0102,80.4,79,28,34.02,scattered clouds,2021-01-11 04:40:52
578,Malumfashi,NG,11.7853,7.6218,61.5,31,0,9.06,clear sky,2021-01-11 04:40:52
579,Nyandoma,RU,61.669,40.1991,-9.69,91,32,6.2,scattered clouds,2021-01-11 04:40:52
580,Boras,SE,57.721,12.9401,33.01,93,40,13.8,light snow,2021-01-11 04:39:03
581,Vostok,RU,46.4856,135.8833,-1.48,85,100,6.55,overcast clouds,2021-01-11 04:40:53
582,Quatre Cocos,MU,-20.2078,57.7625,84.0,94,75,13.8,light rain,2021-01-11 04:40:53
583,Menongue,AO,-14.6585,17.691,61.63,82,100,4.47,overcast clouds,2021-01-11 04:40:53
584,Springbok,ZA,-29.6643,17.8865,68.9,44,5,1.59,clear sky,2021-01-11 04:38:20
585,Inhambane,MZ,-23.865,35.3833,80.6,83,40,10.8,scattered clouds,2021-01-11 04:40:54
586,Ergani,TR,38.2653,39.7621,35.6,86,0,2.3,clear sky,2021-01-11 04:36:29
587,Nanyuki,KE,0.0167,37.0728,59.63,69,63,1.81,broken clouds,2021-01-11 04:40:54
588,Rocha,UY,-34.4833,-54.3333,71.73,93,35,12.33,scattered clouds,2021-01-11 04:40:54
589,San Rafael,AR,-34.6177,-68.3301,69.55,65,0,2.46,clear sky,2021-01-11 04:40:54
590,Veere,NL,51.5483,3.6667,41.0,93,90,18.41,overcast clouds,2021-01-11 04:40:54
591,Forbes,AU,-33.3833,148.0167,91.0,28,0,1.99,clear sky,2021-01-11 04:40:55
592,Mangrol,IN,21.1167,70.1167,75.9,45,19,13.8,few clouds,2021-01-11 04:40:55
593,Zhanaozen,KZ,43.3,52.8,32.76,95,91,13.82,overcast clouds,2021-01-11 04:40:55
594,Saint-Joseph,RE,-21.3667,55.6167,78.8,94,90,13.8,light rain,2021-01-11 04:38:19
595,Kokoda,PG,-8.8785,147.7407,83.82,66,95,3.36,moderate rain,2021-01-11 04:40:56
596,Matagami,CA,49.7502,-77.6328,14.0,92,90,9.22,overcast clouds,2021-01-11 04:37:59
597,Lokosovo,RU,61.1333,74.8167,-27.27,85,2,5.08,clear sky,2021-01-11 04:40:56
598,El Alto,PE,-4.2714,-81.2147,69.44,82,44,15.28,scattered clouds,2021-01-11 04:40:56
599,Barletta,IT,41.3118,16.2908,44.6,87,75,9.22,broken clouds,2021-01-11 04:40:57
600,Yerbogachen,RU,61.2767,108.0108,-19.1,86,100,6.29,overcast clouds,2021-01-11 04:40:57
601,Amapa,BR,1.0,-52.0,70.88,98,94,2.04,overcast clouds,2021-01-11 04:40:57
602,Qingdao,CN,36.0986,120.3719,33.8,34,0,4.47,clear sky,2021-01-11 04:40:24
603,Djibo,BF,14.1022,-1.6306,71.91,20,0,9.42,clear sky,2021-01-11 04:40:58
604,Clyde,US,41.3042,-82.9752,28.99,88,95,4.07,overcast clouds,2021-01-11 04:40:58
605,Sompeta,IN,18.9333,84.6,82.04,43,1,2.95,clear sky,2021-01-11 04:40:58
606,Wattegama,LK,6.7989,81.4808,82.4,89,40,3.44,light rain,2021-01-11 04:40:58
607,Gladstone,AU,-23.85,151.25,82.4,61,90,18.41,light rain,2021-01-11 04:36:55
608,Mancio Lima,BR,-7.6142,-72.8958,72.99,92,75,1.68,broken clouds,2021-01-11 04:40:59
609,Coquimbo,CL,-29.9533,-71.3436,59.0,82,0,4.61,clear sky,2021-01-11 04:32:48
610,Cayenne,GF,4.9333,-52.3333,78.8,94,75,11.5,light rain,2021-01-11 04:37:33
611,Tonj,SS,7.2737,28.6822,65.84,26,22,5.12,few clouds,2021-01-11 04:40:59
612,Prieska,ZA,-29.6641,22.7474,78.73,48,100,5.99,overcast clouds,2021-01-11 04:41:00
613,Tooele,US,40.5308,-112.2983,27.0,100,75,4.61,broken clouds,2021-01-11 04:41:00
614,North Bend,US,43.4065,-124.2243,48.99,100,90,4.47,fog,2021-01-11 04:41:00
615,Meiningen,DE,50.5679,10.4152,24.01,78,4,1.01,clear sky,2021-01-11 04:41:00
616,Encarnacion,PY,-27.3333,-55.9,77.97,72,3,4.21,clear sky,2021-01-11 04:41:00
617,Safranbolu,TR,41.2508,32.6942,50.31,81,100,1.74,overcast clouds,2021-01-11 04:41:00
618,Cururupu,BR,-1.8283,-44.8683,74.88,93,11,3.2,few clouds,2021-01-11 04:41:01
619,Gargzdai,LT,55.7128,21.4033,35.6,87,90,12.66,overcast clouds,2021-01-11 04:41:01
620,High Rock,BS,26.6208,-78.2833,59.0,82,75,4.61,broken clouds,2021-01-11 04:41:01
621,Sangar,RU,63.9242,127.4739,-34.49,82,100,5.41,overcast clouds,2021-01-11 04:41:01
622,Kijang,KR,35.2442,129.2139,35.6,38,75,2.3,broken clouds,2021-01-11 04:41:02
623,Kinsale,IE,51.7075,-8.5306,37.99,93,40,6.91,scattered clouds,2021-01-11 04:41:02
624,Catuday,PH,16.2923,119.8062,77.2,65,44,7.27,scattered clouds,2021-01-11 04:41:02
625,Sibsagar,IN,26.9833,94.6333,68.0,83,75,2.3,mist,2021-01-11 04:41:02
626,Shirgaon,IN,19.7,72.7,86.0,58,12,3.44,smoke,2021-01-11 04:41:02
627,Khani,GE,41.9563,42.9566,50.0,100,90,6.91,overcast clouds,2021-01-11 04:41:03
628,Kendari,ID,-3.945,122.4989,88.47,62,36,5.99,scattered clouds,2021-01-11 04:38:02
629,Vitoria Da Conquista,BR,-14.8661,-40.8394,64.6,100,28,3.58,scattered clouds,2021-01-11 04:37:58
630,Mareeba,AU,-17.0,145.4333,87.8,70,90,5.75,light rain,2021-01-11 04:37:46
631,Volkhov,RU,59.9258,32.3382,4.05,92,100,3.91,overcast clouds,2021-01-11 04:41:03
632,Garowe,SO,8.4054,48.4845,65.68,62,86,18.45,overcast clouds,2021-01-11 04:41:04
633,Talwara,IN,31.9486,75.8667,58.6,50,0,2.33,clear sky,2021-01-11 04:41:04
634,Lukulu,ZM,-14.3707,23.242,64.27,95,100,4.76,light rain,2021-01-11 04:41:04
635,Ola,RU,59.5833,151.2833,-4.2,82,100,9.75,overcast clouds,2021-01-11 04:41:04
636,Kyaikto,MM,17.3,97.0167,85.01,51,17,5.26,few clouds,2021-01-11 04:41:05
637,Nador,MA,35.174,-2.9287,48.2,81,20,5.75,few clouds,2021-01-11 04:41:05
638,Yarmouth,US,41.7057,-70.2286,30.99,93,1,4.32,clear sky,2021-01-11 04:41:05
639,Hurricane,US,37.1753,-113.2899,35.6,38,75,3.44,broken clouds,2021-01-11 04:38:06
640,Conway,US,35.0887,-92.4421,34.0,80,100,0.22,overcast clouds,2021-01-11 04:41:06
641,Villa Rica,US,33.7321,-84.9191,37.99,88,77,1.77,broken clouds,2021-01-11 04:41:06
642,Kenai,US,60.5544,-151.2583,33.8,69,90,4.61,overcast clouds,2021-01-11 04:41:06
643,Starkville,US,33.4504,-88.8184,36.0,75,90,5.48,light rain,2021-01-11 04:41:06
644,Hargeysa,SO,9.56,44.065,57.47,76,43,13.44,scattered clouds,2021-01-11 04:41:06
645,Santa Elena,EC,-2.2333,-80.85,73.85,81,46,9.93,scattered clouds,2021-01-11 04:41:07
646,Atbasar,KZ,51.8,68.3333,16.92,97,100,8.7,light snow,2021-01-11 04:41:07
647,Vestmannaeyjar,IS,63.4427,-20.2734,29.48,86,0,5.03,clear sky,2021-01-11 04:41:07
648,Muroto,JP,33.2833,134.15,46.4,39,75,2.3,broken clouds,2021-01-11 04:41:07
649,Chowchilla,US,37.123,-120.2602,53.6,66,1,4.9,haze,2021-01-11 04:41:07
650,Panjakent,TJ,39.4952,67.6093,41.0,33,0,4.61,clear sky,2021-01-11 04:41:08
651,West Wendover,US,40.7391,-114.0733,24.8,80,20,5.75,few clouds,2021-01-11 04:40:15
652,Talaya,RU,61.3833,152.75,-26.84,82,100,3.15,overcast clouds,2021-01-11 04:41:08
653,Sioux Lookout,CA,50.1001,-91.917,24.8,86,90,6.91,light intensity drizzle,2021-01-11 04:41:08
654,Port-Gentil,GA,-0.7193,8.7815,79.66,81,88,9.13,light rain,2021-01-11 04:41:09
655,Tabory,RU,58.5198,64.5495,-20.4,87,100,7.38,overcast clouds,2021-01-11 04:41:09
656,Mulchen,CL,-37.7167,-72.2333,49.42,92,85,0.87,overcast clouds,2021-01-11 04:41:09
657,Duki,PK,30.1541,68.5728,52.75,28,0,2.73,clear sky,2021-01-11 04:41:09
658,West Plains,US,36.7281,-91.8524,25.0,80,1,3.67,clear sky,2021-01-11 04:41:09
659,Bhojudih,IN,23.6333,86.45,81.3,39,3,9.4,clear sky,2021-01-11 04:41:10
660,Mangochi,MW,-14.4782,35.2645,75.13,87,100,2.57,overcast clouds,2021-01-11 04:41:10
661,Salto,UY,-31.3833,-57.9667,78.17,61,96,6.24,overcast clouds,2021-01-11 04:41:10
662,Nalut,LY,30.3333,10.85,59.63,33,0,8.7,clear sky,2021-01-11 04:41:10
663,Zeya,RU,53.75,127.2667,-8.97,79,6,2.53,clear sky,2021-01-11 04:41:10
664,Road Town,VG,18.4167,-64.6167,78.01,93,55,1.99,broken clouds,2021-01-11 04:36:34
665,Porto Uniao,BR,-26.2381,-51.0783,65.17,96,76,2.55,broken clouds,2021-01-11 04:41:11
666,Kazanskoye,RU,55.6448,69.235,-6.66,90,99,10.02,overcast clouds,2021-01-11 04:41:11
667,Mayor Pablo Lagerenza,PY,-19.9309,-60.7718,84.11,55,32,9.33,scattered clouds,2021-01-11 04:41:11
668,Severo-Yeniseyskiy,RU,60.3725,93.0408,-18.51,89,94,2.01,overcast clouds,2021-01-11 04:41:11
669,Qandala,SO,11.472,49.8728,72.16,57,83,7.85,broken clouds,2021-01-11 04:41:11
670,Viedma,AR,-40.8135,-62.9967,62.01,59,94,14.27,overcast clouds,2021-01-11 04:38:13
671,Ketchikan,US,55.3422,-131.6461,42.8,93,90,28.77,heavy intensity rain,2021-01-11 04:41:12
672,Oxapampa,PE,-10.5775,-75.4017,56.71,89,80,3.47,light rain,2021-01-11 04:41:12
673,Bamako,ML,12.65,-8.0,73.4,33,0,14.97,clear sky,2021-01-11 04:41:12
674,Ambanja,MG,-13.6833,48.45,77.0,81,75,2.62,light rain,2021-01-11 04:41:12
675,Mragowo,PL,53.8644,21.3051,30.2,93,75,8.05,broken clouds,2021-01-11 04:41:13
676,Ossora,RU,59.2353,163.0719,14.47,95,100,15.99,light snow,2021-01-11 04:41:13
677,Bhadrachalam,IN,17.6667,80.8833,84.63,40,68,1.92,broken clouds,2021-01-11 04:41:13
678,Assomada,CV,15.1,-23.6833,69.8,60,75,26.46,broken clouds,2021-01-11 04:41:13
679,Jagraon,IN,30.7833,75.4833,58.39,40,0,5.91,clear sky,2021-01-11 04:41:13
680,Xam Nua,LA,20.4197,104.0439,41.43,62,99,4.54,overcast clouds,2021-01-11 04:41:13
681,Galesong,ID,-5.3166,119.3661,86.0,79,20,8.05,moderate rain,2021-01-11 04:40:02
682,Sacramento,US,38.4666,-121.3177,48.99,87,1,4.61,clear sky,2021-01-11 04:40:10
683,Morinville,CA,53.8001,-113.652,24.8,74,1,8.05,clear sky,2021-01-11 04:41:14
684,Calabozo,VE,8.9242,-67.4293,75.33,80,13,5.93,few clouds,2021-01-11 04:41:15
685,Port Shepstone,ZA,-30.7414,30.455,74.17,79,100,7.67,overcast clouds,2021-01-11 04:41:15
686,Mercedes,AR,-34.6515,-59.4307,64.0,90,16,5.01,light rain,2021-01-11 04:41:15
687,Zorgo,BF,12.2489,-0.6158,72.03,21,0,9.84,clear sky,2021-01-11 04:41:16
688,Parabel,RU,58.6978,81.4825,-27.04,85,13,7.52,few clouds,2021-01-11 04:41:16
689,Bafra,TR,41.5678,35.9069,48.2,93,75,2.3,broken clouds,2021-01-11 04:41:16
690,Nantucket,US,41.2835,-70.0995,26.6,80,1,6.91,clear sky,2021-01-11 04:41:16
691,Itoman,JP,26.1247,127.6694,68.0,63,75,9.22,broken clouds,2021-01-11 04:38:06
692,Uyskoye,RU,54.3775,60.0047,-4.9,91,100,7.99,overcast clouds,2021-01-11 04:41:17
693,Odienne,CI,9.51,-7.5692,73.2,56,40,3.13,scattered clouds,2021-01-11 04:41:17
694,Almaznyy,RU,48.0448,40.045,24.8,100,90,8.95,light snow,2021-01-11 04:41:17
695,Poso,ID,-1.3959,120.7524,87.75,60,3,6.35,light rain,2021-01-11 04:41:17
696,Sisimiut,GL,66.9395,-53.6735,27.52,94,100,20.74,overcast clouds,2021-01-11 04:38:14
697,Laerdalsoyri,NO,61.098,7.4816,26.01,97,98,5.79,overcast clouds,2021-01-11 04:41:18
698,Nadym,RU,65.5333,72.5167,-23.19,82,6,5.97,clear sky,2021-01-11 04:41:18
699,Boguchany,RU,58.3814,97.4531,-10.43,87,100,2.82,overcast clouds,2021-01-11 04:41:18
700,Chiredzi,ZW,-21.05,31.6667,73.85,90,68,8.95,light rain,2021-01-11 04:41:18
